<?xml version="1.0" encoding="UTF-8"?>
<!DOCTYPE suite SYSTEM "http://testng.org/testng-1.0.dtd">
<suite name="Suite">
<!-- Listener class for Reprot NG Graphical Reports -->
<listeners>

<listener class-name="org.uncommons.reportng.HTMLReporter" />

<listener class-name="org.uncommons.reportng.JUnitXMLReporter" />

</listeners>

<!-- END OF REPORT NG Listener class-->
  <test name="SCF Services Automation">
    <classes>
      <class name="getPrioirtiy.getWitbyPriority"/>
    </classes>
  </test> <!-- Test -->
   <test name="Service ISMAKERSTARTED">
    <classes>
      <class name="getPrioirtiy.isMakerStarted"/>
    </classes>
  </test> <!-- Test -->
   <test name="Service InvokeOCR">
    <classes>
      <class name="getPrioirtiy.invokeocr"/>
    </classes>
  </test> <!-- Test -->
  <test name="Service GETWIT_DOC_STATUS">
    <classes>
      <class name="getPrioirtiy.getWITDOC"/>
    </classes>
  </test> <!-- Test -->
  
   <test name="Service HOLD_WIT_STATUS">
    <classes>
      <class name="getPrioirtiy.holdWIT"/>
    </classes>
  </test> <!-- Test -->
   <test name="Service HoldWIT">
    <classes>
      <class name="getPrioirtiy.holdWIT"/>
    </classes>
    
  </test> <!-- Test -->
  <test name="Service unHoldWIT">
    <classes>
      <class name="getPrioirtiy.unHoldWIT"/>
    </classes>
    
  </test> <!-- Test -->
  
   <test name="Service generateWitComments">
    <classes>
      <class name="getPrioirtiy.generateWitComments"/>
    </classes>
    
  </test> <!-- Test -->
  
    <test name="Service updateWITStatus">
    <classes>
      <class name="getPrioirtiy.updateWitStatus"/>
    </classes>
    
  </test> <!-- Test -->
    
  <test name="Service GetupdateDoc">
    <classes>
      <class name="getPrioirtiy.getUpdateDoc"/>
    </classes>
    
  </test> <!-- Test -->
  
   <test name="Service EntityApproval">
    <classes>
      <class name="getPrioirtiy.EntityApprove"/>
    </classes>
    
  </test> <!-- Test -->
  
  <test name="Service getWitDetails">
    <classes>
      <class name="getPrioirtiy.getWitDetails"/>
    </classes>
    
  </test> <!-- Test -->
   <test name="Service UpdateWitcomments">
    <classes>
      <class name="getPrioirtiy.updateWitComments"/>
    </classes>
    
  </test> <!-- Test -->
  
    <test name="Service InputOutreport">
    <classes>
      <class name="getPrioirtiy.inoutreport"/>
    </classes>
    
  </test> <!-- Test -->
  <test name="Service InfoviewReport">
    <classes>
      <class name="getPrioirtiy.infoviewReport"/>
    </classes>
    
  </test> <!-- Test -->
   <test name="Service ReconcillationReport">
    <classes>
      <class name="getPrioirtiy.Reconcilationreport"/>
    </classes>
    
  </test> <!-- Test -->
   
    <test name="Service GetInvoiceDetails">
    <classes>
      <class name="getPrioirtiy.getInvoiceDetails"/>
    </classes>
    
  </test> <!-- Test -->
  
   <test name="Service SetPartyDetails">
    <classes>
      <class name="getPrioirtiy.setPartyDetails"/>
    </classes>
    
  </test> <!-- Test -->
  
   <test name="Service GetfacilityId">
    <classes>
      <class name="getPrioirtiy.getFacilityID"/>
    </classes>
    
  </test> <!-- Test -->
   
     <test name="Service getWitComments">
    <classes>
      <class name="getPrioirtiy.getwitComments"/>
    </classes>
    
  </test> <!-- Test -->
  
    <test name="Service updateWITStatusfromRPA">
    <classes>
      <class name="getPrioirtiy.updateWitStatus"/>
    </classes>
    
  </test> <!-- Test -->
  
   <test name="Service getRates">
    <classes>
      <class name="getPrioirtiy.getRates"/>
    </classes>
    
  </test> <!-- Test -->
   
</suite> <!-- Suite -->